session_id;username;time;positionx;positiony;positionz
1;manavld;20/12/2020 03:36:39;6;-0,02091116;-35
1;manavld;20/12/2020 03:36:39;6;-0,02091116;-35
1;manavld;20/12/2020 03:36:39;6;-0,02091116;-35
1;manavld;20/12/2020 03:36:40;6;-0,02091116;-35
1;manavld;20/12/2020 03:36:40;6;-0,02091116;-35
1;manavld;20/12/2020 03:36:40;5,952446;-0,0209325;-34,95111
1;manavld;20/12/2020 03:36:40;4,771978;-0,02141178;-33,53877
1;manavld;20/12/2020 03:36:41;4,390809;-0,02155709;-33,04534
1;manavld;20/12/2020 03:36:41;3,83068;-0,02172589;-32,32426
1;manavld;20/12/2020 03:36:41;2,121514;-0,02112085;-30,62639
1;manavld;20/12/2020 03:36:42;-0,02518412;-0,02283674;-29,99177
1;manavld;20/12/2020 03:36:42;-1,997568;-0,02560616;-31,11941
1;manavld;20/12/2020 03:36:42;-4,004069;-0,02728987;-32,13346
1;manavld;20/12/2020 03:36:43;-6,115582;-0,02891022;-32,60486
1;manavld;20/12/2020 03:36:43;-8,363217;-0,03043473;-32,31971
1;manavld;20/12/2020 03:36:43;-10,67382;0,7203954;-32,2767
1;manavld;20/12/2020 03:36:44;-13,22727;2,136396;-32,45953
1;manavld;20/12/2020 03:36:44;-15,62331;1,116397;-32,5832
1;manavld;20/12/2020 03:36:44;-16,83835;0,9826858;-32,45547
1;manavld;20/12/2020 03:36:44;-17,90586;0,9826858;-31,51294
1;manavld;20/12/2020 03:36:45;-18,69206;2,770686;-29,27463
1;manavld;20/12/2020 03:36:45;-19,40487;2,758687;-26,98293
1;manavld;20/12/2020 03:36:45;-20,04142;0,9826857;-24,67141
1;manavld;20/12/2020 03:36:46;-19,97954;0,9826857;-23,50622
1;manavld;20/12/2020 03:36:46;-19,77445;3,118686;-21,115
1;manavld;20/12/2020 03:36:46;-19,56927;2,958686;-18,72379
1;manavld;20/12/2020 03:36:47;-19,48957;0,9826856;-16,32615
1;manavld;20/12/2020 03:36:47;-20,22437;0,9826858;-15,44454
1;manavld;20/12/2020 03:36:47;-21,77518;2,214686;-14,50255
1;manavld;20/12/2020 03:36:47;-23,85855;3,058686;-13,31138
1;manavld;20/12/2020 03:36:48;-25,86747;1,798687;-12,01064
1;manavld;20/12/2020 03:36:48;-26,53564;1,374686;-10,62227
1;manavld;20/12/2020 03:36:48;-26,5875;3,182686;-8,223449
1;manavld;20/12/2020 03:36:49;-26,17484;2,658687;-5,929485
1;manavld;20/12/2020 03:36:49;-24,75215;0,9826858;-4,481184
1;manavld;20/12/2020 03:36:49;-23,45399;0,9826858;-4,375112
1;manavld;20/12/2020 03:36:50;-22,9007;0,9826858;-3,462247
1;manavld;20/12/2020 03:36:50;-21,53209;0,9826857;-2,900703
1;manavld;20/12/2020 03:36:50;-19,59475;0,9826857;-2,113497
1;manavld;20/12/2020 03:36:50;-17,7579;1,558686;-1,153147
1;manavld;20/12/2020 03:36:51;-17,59245;3,178686;1,234731
1;manavld;20/12/2020 03:36:51;-17,58889;2,466687;3,634727
1;manavld;20/12/2020 03:36:51;-17,4617;0,9826858;5,56938
1;manavld;20/12/2020 03:36:52;-15,84116;1,902686;5,787657
1;manavld;20/12/2020 03:36:52;-13,4702;3,234686;5,439342
1;manavld;20/12/2020 03:36:52;-11,11334;2,334687;4,986342
1;manavld;20/12/2020 03:36:53;-8,895;-0,02142727;4,55985
1;manavld;20/12/2020 03:36:53;-7,11653;-0,02025139;4,214733
1;manavld;20/12/2020 03:36:53;-5,478817;-0,01916867;3,89693
1;manavld;20/12/2020 03:36:54;-3,493959;-0,01786423;3,481041
1;manavld;20/12/2020 03:36:54;-1,27082;-0,01640624;3,002944
1;manavld;20/12/2020 03:36:54;0,9502082;-0,01494962;2,5253
1;manavld;20/12/2020 03:36:54;3,323158;-0,01339346;2,014985
1;manavld;20/12/2020 03:36:55;5,530138;-0,01181448;2,057875
1;manavld;20/12/2020 03:36:55;7,756307;-0,01035446;1,579126
1;manavld;20/12/2020 03:36:55;9,974177;0,2342727;1,102162
1;manavld;20/12/2020 03:36:56;12,28985;1,93582;0,6041658
1;manavld;20/12/2020 03:36:56;12,34902;2,006;0,06593116
1;manavld;20/12/2020 03:36:56;12,34908;-0,00947696;-0,05215975
1;manavld;20/12/2020 03:36:57;12,34916;-0,009438396;0,1006366
1;manavld;20/12/2020 03:36:57;12,34916;-0,009493589;-0,1157284
1;manavld;20/12/2020 03:36:57;14,10463;2,086778;1,162741
1;manavld;20/12/2020 03:36:57;16,40512;1,782778;1,024803
1;manavld;20/12/2020 03:36:58;18,61563;-0,0173142;0,5494226
1;manavld;20/12/2020 03:36:58;19,83598;-0,01731431;0,3743001
1;manavld;20/12/2020 03:36:58;21,55101;-0,01731431;0,4175468
1;manavld;20/12/2020 03:36:59;23,82539;-0,01731431;0,540817
1;manavld;20/12/2020 03:36:59;26,19539;1,830686;0,6693986
1;manavld;20/12/2020 03:36:59;28,75163;1,906687;0,8080847
1;manavld;20/12/2020 03:37:00;30,98834;0,2918079;0,929435
1;manavld;20/12/2020 03:37:00;31,37225;0,2990355;0,9504073
1;manavld;20/12/2020 03:37:00;31,37225;0,2990355;0,9504073
1;manavld;20/12/2020 03:37:01;31,37225;0,2990355;0,9504073
1;manavld;20/12/2020 03:37:01;31,37225;0,2990355;0,9504073
1;manavld;20/12/2020 03:37:01;31,37225;0,2990355;0,9504073
1;manavld;20/12/2020 03:37:01;31,37225;0,2990355;0,9504073
1;manavld;20/12/2020 03:37:02;31,37225;0,2990355;0,9504073
1;manavld;20/12/2020 03:37:02;31,37225;0,2990355;0,9504073
1;manavld;20/12/2020 03:37:02;31,37225;0,2990355;0,9504073
1;manavld;20/12/2020 03:37:03;31,37225;0,2990355;0,9504073
1;manavld;20/12/2020 03:37:03;31,37225;0,2990355;0,9504073
1;manavld;20/12/2020 03:37:03;31,37225;0,2990355;0,9504073
1;manavld;20/12/2020 03:37:04;31,37225;0,2990355;0,9504073
1;manavld;20/12/2020 03:37:04;31,37225;0,2990355;0,9504073
1;manavld;20/12/2020 03:37:04;31,37225;0,2990355;0,9504073
1;manavld;20/12/2020 03:37:04;31,37225;0,2990355;0,9504073
1;manavld;20/12/2020 03:37:05;31,37225;0,2990355;0,9504073
1;manavld;20/12/2020 03:37:05;31,37225;0,2990355;0,9504073
1;manavld;20/12/2020 03:37:05;31,37225;0,2990355;0,9504073
1;manavld;20/12/2020 03:37:06;31,37225;0,2990355;0,9504073
1;manavld;20/12/2020 03:37:06;31,37225;0,2990355;0,9504073
1;manavld;20/12/2020 03:37:07;31,37225;0,2990355;0,9504073
1;manavld;20/12/2020 03:37:07;31,37225;0,2990355;0,9504073
1;manavld;20/12/2020 03:37:07;31,37225;0,2990355;0,9504073
1;manavld;20/12/2020 03:37:07;31,37225;0,2990355;0,9504073
1;manavld;20/12/2020 03:37:08;31,37225;0,2990355;0,9504073
1;manavld;20/12/2020 03:37:08;31,37225;0,2990355;0,9504073
1;manavld;20/12/2020 03:37:08;31,37225;0,2990355;0,9504073
1;manavld;20/12/2020 03:37:09;31,37225;0,2990355;0,9504073
1;manavld;20/12/2020 03:37:09;31,37225;0,2990355;0,9504073
1;manavld;20/12/2020 03:37:09;31,37225;0,2990355;0,9504073
1;manavld;20/12/2020 03:37:10;31,37225;0,2990355;0,9504073
1;manavld;20/12/2020 03:37:10;31,37225;0,2990355;0,9504073
1;manavld;20/12/2020 03:37:10;31,37225;0,2990355;0,9504073
1;manavld;20/12/2020 03:37:10;31,37225;0,2990355;0,9504073
1;manavld;20/12/2020 03:37:11;31,37225;0,2990355;0,9504073
1;manavld;20/12/2020 03:37:11;31,37225;0,2990355;0,9504073
1;manavld;20/12/2020 03:37:11;31,37225;0,2990355;0,9504073
1;manavld;20/12/2020 03:37:12;31,38263;0,2997535;0,9232189
1;manavld;20/12/2020 03:37:12;31,74411;0,3238696;-0,02371052
1;manavld;20/12/2020 03:37:12;31,74411;0,3238695;-0,02371052
1;manavld;20/12/2020 03:37:13;31,74411;0,3238695;-0,02371052
1;manavld;20/12/2020 03:37:13;31,74411;0,3238695;-0,02371052
1;manavld;20/12/2020 03:37:13;31,74411;0,3238695;-0,02371052
1;manavld;20/12/2020 03:37:13;31,74411;0,3238695;-0,02371052
1;manavld;20/12/2020 03:37:14;31,74411;0,3238695;-0,02371052
1;manavld;20/12/2020 03:37:14;31,74411;0,3238695;-0,02371052
1;manavld;20/12/2020 03:37:14;31,74411;0,3238695;-0,02371052
1;manavld;20/12/2020 03:37:15;31,74411;0,3238695;-0,02371052
1;manavld;20/12/2020 03:37:15;31,74411;0,3238695;-0,02371052
1;manavld;20/12/2020 03:37:15;31,74411;0,3238695;-0,02371052
1;manavld;20/12/2020 03:37:16;31,74411;0,3238695;-0,02371052
1;manavld;20/12/2020 03:37:16;31,74411;0,3238695;-0,02371052
1;manavld;20/12/2020 03:37:16;31,77128;0,3247668;-0,01352995
1;manavld;20/12/2020 03:37:17;32,9859;0,3243197;0,5266576
1;manavld;20/12/2020 03:37:17;33,44543;0,323577;0,7310143
1;manavld;20/12/2020 03:37:17;33,5997;0,3233277;0,7996151
1;manavld;20/12/2020 03:37:17;33,5997;0,3233277;0,7996151
1;manavld;20/12/2020 03:37:18;33,5997;0,3233277;0,7996151
1;manavld;20/12/2020 03:37:18;33,5997;0,3233277;0,7996151
1;manavld;20/12/2020 03:37:18;33,5997;0,3233277;0,7996151
1;manavld;20/12/2020 03:37:19;33,5997;0,3233277;0,7996151
1;manavld;20/12/2020 03:37:19;33,5997;0,3233277;0,7996151
1;manavld;20/12/2020 03:37:19;33,5997;0,3233277;0,7996151
1;manavld;20/12/2020 03:37:20;33,5997;0,3233277;0,7996151
1;manavld;20/12/2020 03:37:20;33,5997;0,3233277;0,7996151
1;manavld;20/12/2020 03:37:20;33,5997;0,3233277;0,7996151
1;manavld;20/12/2020 03:37:20;33,5997;0,3233277;0,7996151
1;manavld;20/12/2020 03:37:21;33,5997;0,3233277;0,7996151
1;manavld;20/12/2020 03:37:21;33,5997;0,3233277;0,7996151
1;manavld;20/12/2020 03:37:21;33,5997;0,3233277;0,7996151
1;manavld;20/12/2020 03:37:22;33,5997;0,3233277;0,7996151
1;manavld;20/12/2020 03:37:22;33,5997;0,3233277;0,7996151
1;manavld;20/12/2020 03:37:22;26;0,88;1
1;manavld;20/12/2020 03:37:23;26;0,04483724;1
1;manavld;20/12/2020 03:37:23;26;0,04483724;1
1;manavld;20/12/2020 03:37:23;26;0,04483724;1
1;manavld;20/12/2020 03:37:23;26;0,04483724;1
1;manavld;20/12/2020 03:37:24;26;0,04483724;1
1;manavld;20/12/2020 03:37:24;26;0,04483724;1
1;manavld;20/12/2020 03:37:24;27,16979;0,05751216;1,862869
1;manavld;20/12/2020 03:37:25;29,08176;0,1325495;3,012096
1;manavld;20/12/2020 03:37:25;30,09845;0,4040084;4,984315
1;manavld;20/12/2020 03:37:25;30,8857;0,6699269;7,066173
1;manavld;20/12/2020 03:37:26;30,57829;0,6587849;9,061419
1;manavld;20/12/2020 03:37:26;29,0607;0,5263478;10,58872
1;manavld;20/12/2020 03:37:26;28,17214;0,4016135;11,36744
1;manavld;20/12/2020 03:37:27;28,22229;0,4298203;11,81796
1;manavld;20/12/2020 03:37:27;29,37757;0,2583376;13,7448
1;manavld;20/12/2020 03:37:27;30,66146;0,2469313;15,60643
1;manavld;20/12/2020 03:37:27;31,85927;0,3691361;17,71497
1;manavld;20/12/2020 03:37:28;32,6122;0,5347556;19,32468
1;manavld;20/12/2020 03:37:28;32,82098;0,4788727;21,56201
1;manavld;20/12/2020 03:37:28;33,06797;0,6293142;23,77691
1;manavld;20/12/2020 03:37:29;34,70635;0,7510591;25,23502
1;manavld;20/12/2020 03:37:29;36,60758;0,5427834;26,42188
1;manavld;20/12/2020 03:37:29;38,58616;0,6168519;27,53165
1;manavld;20/12/2020 03:37:30;40,66895;0,8023961;28,36617
1;manavld;20/12/2020 03:37:30;42,89622;0,8189893;28,81203
1;manavld;20/12/2020 03:37:30;43,06434;0,823983;28,82576
1;manavld;20/12/2020 03:37:30;43,19579;0,8299383;28,82139
1;manavld;20/12/2020 03:37:31;43,19579;0,8299383;28,82139
1;manavld;20/12/2020 03:37:31;43,19579;0,8299383;28,82139
1;manavld;20/12/2020 03:37:31;43,19579;0,8299383;28,82139
1;manavld;20/12/2020 03:37:32;43,19579;0,8299383;28,82139
1;manavld;20/12/2020 03:37:32;43,19579;0,8299384;28,82139
1;manavld;20/12/2020 03:37:32;42,1475;0,8534209;28,387
1;manavld;20/12/2020 03:37:33;40,01044;0,79407;27,62668
1;manavld;20/12/2020 03:37:33;37,90688;0,5382817;27,90341
1;manavld;20/12/2020 03:37:33;35,78289;0,649781;27,23639
1;manavld;20/12/2020 03:37:33;34,1026;0,9061998;25,76359
1;manavld;20/12/2020 03:37:34;32,66114;0,5582705;24,08422
1;manavld;20/12/2020 03:37:34;31,2393;0,3821197;22,33992
1;manavld;20/12/2020 03:37:34;31,34776;0,4385161;20,27912
1;manavld;20/12/2020 03:37:35;32,28558;0,3554548;18,30744
1;manavld;20/12/2020 03:37:35;32,34423;0,3596984;17,48751
1;manavld;20/12/2020 03:37:35;32,44021;0,3689063;16,16526
1;manavld;20/12/2020 03:37:36;32,61242;2,321599;13,7875
1;manavld;20/12/2020 03:37:36;32,80238;2,3096;11,39506
1;manavld;20/12/2020 03:37:36;32,98608;0,5811658;9,162621
1;manavld;20/12/2020 03:37:36;33,25048;0,6021292;8,033371
1;manavld;20/12/2020 03:37:37;34,27789;0,4846048;6,565342
1;manavld;20/12/2020 03:37:37;35,6367;0,5435436;4,752273
1;manavld;20/12/2020 03:37:37;36,98569;1,370974;2,942135
1;manavld;20/12/2020 03:37:38;38,91154;2,858974;1,540237
1;manavld;20/12/2020 03:37:38;41,08678;2,018975;0,5269218
1;manavld;20/12/2020 03:37:38;42,74307;0,4899999;-0,2042328
1;manavld;20/12/2020 03:37:39;44,73576;2,418;-1,382092
1;manavld;20/12/2020 03:37:39;45,77352;2,026001;-3,660557
1;manavld;20/12/2020 03:37:39;45,71809;0,3530033;-5,639987
1;manavld;20/12/2020 03:37:40;45,53457;2,038324;-7,70953
1;manavld;20/12/2020 03:37:40;45,30741;2,234325;-10,09874
1;manavld;20/12/2020 03:37:40;45,06606;0,4943253;-12,48657
1;manavld;20/12/2020 03:37:40;44,87024;2,116288;-14,45964
1;manavld;20/12/2020 03:37:41;44,54874;2,312289;-16,83597
1;manavld;20/12/2020 03:37:41;44,03249;0,5809635;-18,49706
1;manavld;20/12/2020 03:37:41;44,03249;0,5809635;-18,49706
1;manavld;20/12/2020 03:37:42;44,03249;0,5809635;-18,49706
1;manavld;20/12/2020 03:37:42;44,03249;0,5809635;-18,49706
1;manavld;20/12/2020 03:37:42;44,03249;0,5809635;-18,49706
1;manavld;20/12/2020 03:37:43;44,03249;0,5809635;-18,49706
1;manavld;20/12/2020 03:37:43;44,13932;0,5859164;-18,45573
1;manavld;20/12/2020 03:37:43;44,96067;0,6528255;-17,59628
1;manavld;20/12/2020 03:37:44;45,00354;0,6552789;-17,54878
1;manavld;20/12/2020 03:37:44;44,97716;0,6566288;-17,51636
1;manavld;20/12/2020 03:37:44;44,35624;0,659009;-16,55381
1;manavld;20/12/2020 03:37:45;44,10883;0,6526763;-16,29511
1;manavld;20/12/2020 03:37:45;44,10883;0,6526763;-16,29511
1;manavld;20/12/2020 03:37:45;44,10883;0,6526763;-16,29511
1;manavld;20/12/2020 03:37:45;44,10883;0,6526763;-16,29511
1;manavld;20/12/2020 03:37:46;44,10883;0,6526763;-16,29511
1;manavld;20/12/2020 03:37:46;44,10883;0,6526763;-16,29511
1;manavld;20/12/2020 03:37:46;44,10883;0,6526763;-16,29511
1;manavld;20/12/2020 03:37:47;44,10883;0,6526763;-16,29511
1;manavld;20/12/2020 03:37:47;44,10883;0,6526763;-16,29511
1;manavld;20/12/2020 03:37:47;44,10883;0,6526763;-16,29511
1;manavld;20/12/2020 03:37:48;44,10883;0,6526763;-16,29511
1;manavld;20/12/2020 03:37:48;44,10883;0,6526763;-16,29511
1;manavld;20/12/2020 03:37:48;44,10883;0,6526763;-16,29511
1;manavld;20/12/2020 03:37:48;44,10883;0,6526763;-16,29511
1;manavld;20/12/2020 03:37:49;44,10883;0,6526763;-16,29511
1;manavld;20/12/2020 03:37:49;44,10883;0,6526763;-16,29511
1;manavld;20/12/2020 03:37:49;44,10883;0,6526763;-16,29511
1;manavld;20/12/2020 03:37:50;44,10883;0,6526763;-16,29511
1;manavld;20/12/2020 03:37:50;44,10883;0,6526763;-16,29511
1;manavld;20/12/2020 03:37:50;44,10883;0,6526763;-16,29511
1;manavld;20/12/2020 03:37:51;44,10883;0,6526763;-16,29511
1;manavld;20/12/2020 03:37:51;44,10883;0,6526763;-16,29511
1;manavld;20/12/2020 03:37:51;44,10883;0,6526763;-16,29511
1;manavld;20/12/2020 03:37:51;44,10883;0,6526763;-16,29511
1;manavld;20/12/2020 03:37:52;44,10883;0,6526763;-16,29511
1;manavld;20/12/2020 03:37:52;44,10883;0,6526763;-16,29511
1;manavld;20/12/2020 03:37:52;44,10883;0,6526763;-16,29511
1;manavld;20/12/2020 03:37:53;44,10883;0,6526763;-16,29511
1;manavld;20/12/2020 03:37:53;44,10883;0,6526763;-16,29511
1;manavld;20/12/2020 03:37:53;44,10883;0,6526763;-16,29511
1;manavld;20/12/2020 03:37:54;44,10883;0,6526763;-16,29511
1;manavld;20/12/2020 03:37:54;44,10883;0,6526763;-16,29511
1;manavld;20/12/2020 03:37:54;44,10883;0,6526763;-16,29511
1;manavld;20/12/2020 03:37:55;44,10883;0,6526763;-16,29511
1;manavld;20/12/2020 03:37:55;44,10883;0,6526763;-16,29511
1;manavld;20/12/2020 03:37:55;44,10883;0,6526763;-16,29511
1;manavld;20/12/2020 03:37:55;44,10883;0,6526763;-16,29511
1;manavld;20/12/2020 03:37:56;44,10883;0,6526763;-16,29511
1;manavld;20/12/2020 03:37:56;44,10883;0,6526763;-16,29511
1;manavld;20/12/2020 03:37:56;44,10883;0,6526763;-16,29511
1;manavld;20/12/2020 03:37:57;44,10883;0,6526763;-16,29511
1;manavld;20/12/2020 03:37:57;44,10883;0,6526763;-16,29511
1;manavld;20/12/2020 03:37:57;44,10883;0,6526763;-16,29511
1;manavld;20/12/2020 03:37:58;44,10883;0,6526763;-16,29511
1;manavld;20/12/2020 03:37:58;44,10883;0,6526763;-16,29511
1;manavld;20/12/2020 03:37:58;44,10883;0,6526763;-16,29511
1;manavld;20/12/2020 03:37:58;44,10883;0,6526763;-16,29511
1;manavld;20/12/2020 03:37:59;44,10883;0,6526763;-16,29511
1;manavld;20/12/2020 03:37:59;44,10883;0,6526763;-16,29511
1;manavld;20/12/2020 03:37:59;44,10883;0,6526763;-16,29511
1;manavld;20/12/2020 03:38:00;44,10883;0,6526763;-16,29511
1;manavld;20/12/2020 03:38:00;44,10883;0,6526763;-16,29511
1;manavld;20/12/2020 03:38:00;44,10883;0,6526763;-16,29511
1;manavld;20/12/2020 03:38:01;44,10883;0,6526763;-16,29511
1;manavld;20/12/2020 03:38:01;44,10883;0,6526763;-16,29511
1;manavld;20/12/2020 03:38:01;44,10883;0,6526763;-16,29511
1;manavld;20/12/2020 03:38:01;44,10883;0,6526763;-16,29511
1;manavld;20/12/2020 03:38:02;44,10883;0,6526763;-16,29511
1;manavld;20/12/2020 03:38:02;44,10883;0,6526763;-16,29511
1;manavld;20/12/2020 03:38:02;44,10883;0,6526763;-16,29511
1;manavld;20/12/2020 03:38:03;44,10883;0,6526763;-16,29511
1;manavld;20/12/2020 03:38:03;44,10883;0,6526763;-16,29511
1;manavld;20/12/2020 03:38:03;44,10883;0,6526763;-16,29511
1;manavld;20/12/2020 03:38:04;44,10883;0,6526763;-16,29511
1;manavld;20/12/2020 03:38:04;44,10883;0,6526763;-16,29511
1;manavld;20/12/2020 03:38:04;26;0,6159999;1
1;manavld;20/12/2020 03:38:05;26;0,04483724;1
1;manavld;20/12/2020 03:38:05;26;0,04483724;1
1;manavld;20/12/2020 03:38:05;26;0,04483724;1
1;manavld;20/12/2020 03:38:05;26;0,04483724;1
1;manavld;20/12/2020 03:38:06;26;0,04483724;1
1;manavld;20/12/2020 03:38:06;26,03041;0,04643375;0,9817206
1;manavld;20/12/2020 03:38:06;27,50665;0,09463567;0,09977408
1;manavld;20/12/2020 03:38:07;29,44625;0,2245721;-1,005583
1;manavld;20/12/2020 03:38:07;29,48113;0,2254413;-1,025445
1;manavld;20/12/2020 03:38:07;30,44339;0,2388324;-1,518176
1;manavld;20/12/2020 03:38:08;30,52997;0,2427094;-1,546555
1;manavld;20/12/2020 03:38:08;31,64372;0,3074034;-1,780342
1;manavld;20/12/2020 03:38:08;31,94492;0,3243122;-1,81631
1;manavld;20/12/2020 03:38:08;32,41423;0,3337684;-1,872153
1;manavld;20/12/2020 03:38:09;32,79266;0,3398056;-1,917122
1;manavld;20/12/2020 03:38:09;32,80433;0,3399918;-1,918509
2;manavld;20/12/2020 03:40:42;6;-0,02091116;-35
2;manavld;20/12/2020 03:40:42;6;-0,02091116;-35
2;manavld;20/12/2020 03:40:42;6;-0,02091116;-35
2;manavld;20/12/2020 03:40:43;6;-0,02091116;-35
2;manavld;20/12/2020 03:40:43;6;-0,02091116;-35
2;manavld;20/12/2020 03:40:43;5,989172;-0,0209018;-34,93299
2;manavld;20/12/2020 03:40:44;5,895577;-0,02050048;-33,09455
2;manavld;20/12/2020 03:40:44;5,837848;-0,01996523;-30,83032
2;manavld;20/12/2020 03:40:44;5,79952;-0,01941198;-28,54923
2;manavld;20/12/2020 03:40:45;5,800079;-0,01883477;-26,28256
2;manavld;20/12/2020 03:40:45;6,005989;-0,01811081;-24,01292
2;manavld;20/12/2020 03:40:45;6,233363;-0,01737458;-21,75433
2;manavld;20/12/2020 03:40:45;6,476576;-0,0165869;-19,33853
2;manavld;20/12/2020 03:40:46;6,7041;-0,01585019;-17,07857
2;manavld;20/12/2020 03:40:46;6,93194;-0,0151124;-14,81548
2;manavld;20/12/2020 03:40:46;7,242011;-0,01431888;-12,56313
2;manavld;20/12/2020 03:40:47;7,628992;-0,01347446;-10,32514
2;manavld;20/12/2020 03:40:47;8,180948;-0,01248085;-7,96188
2;manavld;20/12/2020 03:40:47;8,746772;-0,01151919;-5,762796
2;manavld;20/12/2020 03:40:48;9,33954;-0,01053846;-3,564335
2;manavld;20/12/2020 03:40:48;9,990111;2,037462;-1,254406
2;manavld;20/12/2020 03:40:48;10,51049;1,677463;0,2797022
2;manavld;20/12/2020 03:40:48;10,52669;0,1934367;0,3270051
2;manavld;20/12/2020 03:40:49;10,80416;0,03899997;0,686265
2;manavld;20/12/2020 03:40:49;12,34901;1,415;1,432686
2;manavld;20/12/2020 03:40:49;13,85906;2,15858;1,56487
2;manavld;20/12/2020 03:40:50;16,25662;0,8385804;1,672829
2;manavld;20/12/2020 03:40:50;17,77363;-0,01731437;1,745008
2;manavld;20/12/2020 03:40:50;19,077;-0,01731431;1,757488
2;manavld;20/12/2020 03:40:51;21,24743;-0,01731431;1,641014
2;manavld;20/12/2020 03:40:51;23,51359;-0,01731431;1,514086
2;manavld;20/12/2020 03:40:51;25,78455;0,01958585;1,387684
2;manavld;20/12/2020 03:40:51;28,20074;0,09125286;1,258105
2;manavld;20/12/2020 03:40:52;30,28463;0,250623;1,14975
2;manavld;20/12/2020 03:40:52;30,32463;0,2526156;1,147684
2;manavld;20/12/2020 03:40:52;31,99318;0,3092438;1,060146
2;manavld;20/12/2020 03:40:53;33,82784;0,3192202;0,9930355
2;manavld;20/12/2020 03:40:53;33,82784;0,3192202;0,9930355
2;manavld;20/12/2020 03:40:53;35,78646;0,4847054;0,924273
2;manavld;20/12/2020 03:40:54;37,9795;0,7184747;0,1942248
2;manavld;20/12/2020 03:40:54;39,69198;0,4899777;0,3311534
2;manavld;20/12/2020 03:40:54;41,94368;0,4899999;0,6146883
2;manavld;20/12/2020 03:40:55;44,20241;0,49;0,8991087
2;manavld;20/12/2020 03:40:55;46,35961;0,7707001;1,175572
2;manavld;20/12/2020 03:40:55;48,46254;0,4748694;1,469972
2;manavld;20/12/2020 03:40:55;50,558;0,06005198;1,824375
2;manavld;20/12/2020 03:40:56;52,16943;0,6547589;2,059661
2;manavld;20/12/2020 03:40:56;52,40334;0,6633214;2,088769
2;manavld;20/12/2020 03:40:56;52,40334;0,6633214;2,088769
2;manavld;20/12/2020 03:40:57;52,40334;0,6633215;2,088769
2;manavld;20/12/2020 03:40:57;53,26006;0,6940731;2,194716
2;manavld;20/12/2020 03:40:57;55,49078;0,8371181;2,479596
2;manavld;20/12/2020 03:40:58;57,72046;0,6951703;2,594983
2;manavld;20/12/2020 03:40:58;60,13332;0,6405668;2,380385
2;manavld;20/12/2020 03:40:58;61,20747;0,6006594;2,26174
2;manavld;20/12/2020 03:40:58;61,35829;0,5921977;2,244199
2;manavld;20/12/2020 03:40:59;62,30406;0,4745967;1,281907
2;manavld;20/12/2020 03:40:59;63,18112;0,3382306;-0,5594041
2;manavld;20/12/2020 03:40:59;62,10825;0,3736721;-2,468827
2;manavld;20/12/2020 03:41:00;60,9379;0,3095193;-4,105386
2;manavld;20/12/2020 03:41:00;58,77119;0,1970203;-4,775445
2;manavld;20/12/2020 03:41:00;56,7318;0,2628975;-5,684761
2;manavld;20/12/2020 03:41:01;56,24686;0,05369848;-7,782088
2;manavld;20/12/2020 03:41:01;55,32911;0,00199765;-9,732133
2;manavld;20/12/2020 03:41:01;53,77708;0,03332913;-11,38854
2;manavld;20/12/2020 03:41:01;52,71434;0,1525161;-13,27438
2;manavld;20/12/2020 03:41:02;52,72733;0,2077339;-15,53398
2;manavld;20/12/2020 03:41:02;51,26365;0,3026595;-17,25922
2;manavld;20/12/2020 03:41:02;49,72881;0,4235494;-18,91478
2;manavld;20/12/2020 03:41:03;49,05379;0,3489919;-21,07456
2;manavld;20/12/2020 03:41:03;48,70792;0,1483997;-23,17503
2;manavld;20/12/2020 03:41:03;48,30728;0,2709211;-25,22496
2;manavld;20/12/2020 03:41:04;50,00037;0,02496165;-25,83101
2;manavld;20/12/2020 03:41:04;51,60311;0,3884511;-24,3281
2;manavld;20/12/2020 03:41:04;51,91394;0,4014322;-22,22053
2;manavld;20/12/2020 03:41:04;51,60124;0,2930257;-19,9803
2;manavld;20/12/2020 03:41:05;51,28652;0,2881122;-17,58124
2;manavld;20/12/2020 03:41:05;51,91931;0,2472596;-15,56017
2;manavld;20/12/2020 03:41:05;53,68997;0,106518;-16,16171
2;manavld;20/12/2020 03:41:06;52,27565;0,1845905;-17,42294
2;manavld;20/12/2020 03:41:06;51,21874;0,3069192;-17,28606
2;manavld;20/12/2020 03:41:06;51,21874;0,3069192;-17,28606
2;manavld;20/12/2020 03:41:07;51,16404;0,3002263;-17,64092
2;manavld;20/12/2020 03:41:07;50,8662;0,347725;-19,53829
2;manavld;20/12/2020 03:41:07;49,78651;0,3270946;-21,40815
2;manavld;20/12/2020 03:41:08;50,71413;0,2307211;-23,31036
2;manavld;20/12/2020 03:41:08;52,60109;0,5040566;-23,68842
2;manavld;20/12/2020 03:41:08;53,39426;0,5409986;-23,33552
2;manavld;20/12/2020 03:41:08;52,6324;0,4705877;-23,11182
2;manavld;20/12/2020 03:41:09;51,01672;0,2942654;-23,60394
2;manavld;20/12/2020 03:41:09;50,85885;0,1542995;-25,65902
2;manavld;20/12/2020 03:41:09;51,29995;0,7522137;-27,68845
2;manavld;20/12/2020 03:41:10;52,51422;1,723624;-28,69919
2;manavld;20/12/2020 03:41:10;53,89222;2,826022;-29,59822
2;manavld;20/12/2020 03:41:10;54,49234;3,305923;-29,59945
2;manavld;20/12/2020 03:41:11;54,53595;3,341012;-29,58921
2;manavld;20/12/2020 03:41:11;55,7951;4;-29,05513
2;manavld;20/12/2020 03:41:11;57,16656;3,982686;-30,4624
2;manavld;20/12/2020 03:41:11;57,33802;3,982685;-31,81806
2;manavld;20/12/2020 03:41:12;57,33802;3,982685;-31,81806
2;manavld;20/12/2020 03:41:12;57,34369;3,982686;-32,09126
2;manavld;20/12/2020 03:41:12;57,34369;3,982686;-32,09126
2;manavld;20/12/2020 03:41:13;57,27397;3,982686;-33,50264
2;manavld;20/12/2020 03:41:13;57,19177;3,982686;-35,3988
2;manavld;20/12/2020 03:41:13;57,18159;3,982686;-35,63358
2;manavld;20/12/2020 03:41:14;57,18159;3,982686;-35,63358
2;manavld;20/12/2020 03:41:14;57,18159;3,982686;-35,63358
2;manavld;20/12/2020 03:41:14;57,18159;3,982686;-35,63358
2;manavld;20/12/2020 03:41:15;57,18159;3,982686;-35,63358
2;manavld;20/12/2020 03:41:15;57,18159;3,982686;-35,63358
2;manavld;20/12/2020 03:41:15;57,18159;3,982686;-35,63358
2;manavld;20/12/2020 03:41:15;57,18159;3,982686;-35,63358
2;manavld;20/12/2020 03:41:16;57,18159;3,982686;-35,63358
2;manavld;20/12/2020 03:41:16;57,18159;3,982686;-35,63358
2;manavld;20/12/2020 03:41:16;57,18159;3,982686;-35,63358
2;manavld;20/12/2020 03:41:17;57,18159;3,982686;-35,63358
2;manavld;20/12/2020 03:41:17;57,18159;3,982686;-35,63358
2;manavld;20/12/2020 03:41:17;57,18159;3,982686;-35,63358
2;manavld;20/12/2020 03:41:18;57,18159;3,982686;-35,63358
2;manavld;20/12/2020 03:41:18;57,18159;3,982686;-35,63358
2;manavld;20/12/2020 03:41:18;57,18159;3,982686;-35,63358
2;manavld;20/12/2020 03:41:18;57,18159;3,982686;-35,63358
2;manavld;20/12/2020 03:41:19;57,18159;3,982686;-35,63358
2;manavld;20/12/2020 03:41:19;57,18159;3,982686;-35,63358
2;manavld;20/12/2020 03:41:19;57,18159;3,982686;-35,63358
2;manavld;20/12/2020 03:41:20;57,18159;3,982686;-35,63358
2;manavld;20/12/2020 03:41:20;57,18159;3,982686;-35,63358
2;manavld;20/12/2020 03:41:20;57,18159;3,982686;-35,63358
2;manavld;20/12/2020 03:41:21;57,18159;3,982686;-35,63358
2;manavld;20/12/2020 03:41:21;57,18159;3,982686;-35,63358
2;manavld;20/12/2020 03:41:21;57,18159;3,982686;-35,63358
2;manavld;20/12/2020 03:41:21;57,18159;3,982686;-35,63358
2;manavld;20/12/2020 03:41:22;57,18159;3,982686;-35,63358
2;manavld;20/12/2020 03:41:22;57,18159;3,982686;-35,63358
2;manavld;20/12/2020 03:41:22;57,18159;3,982686;-35,63358
2;manavld;20/12/2020 03:41:23;57,18159;3,982686;-35,63358
2;manavld;20/12/2020 03:41:23;57,18159;3,982686;-35,63358
2;manavld;20/12/2020 03:41:23;57,18159;3,982686;-35,63358
2;manavld;20/12/2020 03:41:24;57,18159;3,982686;-35,63358
2;manavld;20/12/2020 03:41:24;57,18159;3,982686;-35,63358
2;manavld;20/12/2020 03:41:24;57,18159;3,982686;-35,63358
2;manavld;20/12/2020 03:41:25;57,18159;3,982686;-35,63358
2;manavld;20/12/2020 03:41:25;57,18159;3,982686;-35,63358
2;manavld;20/12/2020 03:41:25;57,18159;3,982686;-35,63358
2;manavld;20/12/2020 03:41:25;57,18159;3,982686;-35,63358
2;manavld;20/12/2020 03:41:26;57,18159;3,982686;-35,63358
2;manavld;20/12/2020 03:41:26;57,18159;3,982686;-35,63358
2;manavld;20/12/2020 03:41:26;57,18159;3,982686;-35,63358
2;manavld;20/12/2020 03:41:27;57,18159;3,982686;-35,63358
2;manavld;20/12/2020 03:41:27;57,18159;3,982686;-35,63358
2;manavld;20/12/2020 03:41:27;57,18159;3,982686;-35,63358
2;manavld;20/12/2020 03:41:28;57,18159;3,982686;-35,63358
2;manavld;20/12/2020 03:41:28;57,18159;3,982686;-35,63358
2;manavld;20/12/2020 03:41:28;57,18159;3,982686;-35,63358
2;manavld;20/12/2020 03:41:28;57,18159;3,982686;-35,63358
2;manavld;20/12/2020 03:41:29;56,75;5;-28
2;manavld;20/12/2020 03:41:29;56,75;4;-28
2;manavld;20/12/2020 03:41:29;56,75;4;-28
2;manavld;20/12/2020 03:41:30;56,75;4;-28
2;manavld;20/12/2020 03:41:30;56,75;4;-28
2;manavld;20/12/2020 03:41:30;56,75;4;-28
2;manavld;20/12/2020 03:41:31;56,75;4;-28
2;manavld;20/12/2020 03:41:31;56,75;4;-28
2;manavld;20/12/2020 03:41:31;56,75;4;-28
2;manavld;20/12/2020 03:41:31;56,75;4;-28
2;manavld;20/12/2020 03:41:32;55,97818;5,08;-27,88066
2;manavld;20/12/2020 03:41:32;53,61863;6,364;-27,77318
2;manavld;20/12/2020 03:41:32;53,07919;5,344001;-27,74861
3;manavld;20/12/2020 04:31:02;6;-0,02091116;-35
3;manavld;20/12/2020 04:31:02;6;-0,02091116;-35
3;manavld;20/12/2020 04:31:03;6;-0,02091116;-35
3;manavld;20/12/2020 04:31:03;6;-0,02091116;-35
3;manavld;20/12/2020 04:31:03;6;-0,02091116;-35
3;manavld;20/12/2020 04:31:04;5,980022;-0,02090877;-34,93482
3;manavld;20/12/2020 04:31:04;5,454184;-0,02082986;-33,15684
3;manavld;20/12/2020 04:31:04;5,322844;-0,02081168;-32,71844
3;manavld;20/12/2020 04:31:05;5,322844;-0,02081168;-32,71844
3;manavld;20/12/2020 04:31:05;5,274391;-0,020805;-32,55672
3;manavld;20/12/2020 04:31:05;5,274391;-0,020805;-32,55672
3;manavld;20/12/2020 04:31:06;5,274391;-0,020805;-32,55672
3;manavld;20/12/2020 04:31:06;5,274391;-0,020805;-32,55672
4;manavld;20/12/2020 04:31:17;6;-0,02091116;-35
4;manavld;20/12/2020 04:31:17;6;-0,02091116;-35
4;manavld;20/12/2020 04:31:18;6;-0,02091116;-35
4;manavld;20/12/2020 04:31:18;6;-0,02091116;-35
4;manavld;20/12/2020 04:31:18;6;-0,02091116;-35
4;manavld;20/12/2020 04:31:18;5,965942;-0,02092028;-34,94091
4;manavld;20/12/2020 04:31:19;5,080928;-0,02113825;-33,32655
4;manavld;20/12/2020 04:31:19;4,195889;-0,02123874;-31,25025
4;manavld;20/12/2020 04:31:19;4,063222;-0,02106035;-30,17884
4;manavld;20/12/2020 04:31:20;4,081114;-0,02093154;-29,72264
4;manavld;20/12/2020 04:31:20;4,176938;-0,02024537;-27,29393
4;manavld;20/12/2020 04:31:20;4,268736;-0,01960373;-25,02859
4;manavld;20/12/2020 04:31:21;4,405408;1,492665;-22,67962
4;manavld;20/12/2020 04:31:21;4,548029;2,220665;-20,28386
4;manavld;20/12/2020 04:31:21;4,819614;0,8406656;-17,90394
4;manavld;20/12/2020 04:31:22;5,246625;-0,01674438;-16,52288
4;manavld;20/12/2020 04:31:22;5,747381;-0,01605272;-15,20332
4;manavld;20/12/2020 04:31:22;6,986023;-0,01468688;-13,29456
4;manavld;20/12/2020 04:31:22;8,428539;-0,01321703;-11,54617
4;manavld;20/12/2020 04:31:23;9,892186;0,3800653;-9,777651
4;manavld;20/12/2020 04:31:23;11,42238;2,300066;-7,92873
4;manavld;20/12/2020 04:31:23;11,60875;2,356067;-6,079117
4;manavld;20/12/2020 04:31:24;11,60886;0,372069;-3,999507
4;manavld;20/12/2020 04:31:24;11,4154;-0,008881152;-2,848286
4;manavld;20/12/2020 04:31:24;11,32231;-0,008589804;-1,442794
4;manavld;20/12/2020 04:31:25;10,74335;0,136919;0,7490245
4;manavld;20/12/2020 04:31:25;11,71163;-0,007384181;2,207845
4;manavld;20/12/2020 04:31:25;11,71163;-0,007384121;2,207845
4;manavld;20/12/2020 04:31:25;11,71163;-0,007384121;2,207845
4;manavld;20/12/2020 04:31:26;11,94034;1,824536;1,967528
4;manavld;20/12/2020 04:31:26;13,7022;1,908536;1,458192
4;manavld;20/12/2020 04:31:26;16,09982;0,04853684;1,351888
4;manavld;20/12/2020 04:31:27;17,25303;-0,01731437;1,308469
4;manavld;20/12/2020 04:31:27;18,77299;-0,01731437;1,243838
4;manavld;20/12/2020 04:31:27;21,05073;-0,01731437;1,144444
4;manavld;20/12/2020 04:31:28;23,31429;-0,01731437;1,04566
4;manavld;20/12/2020 04:31:28;25,59127;0,02125031;0,9471081
4;manavld;20/12/2020 04:31:28;27,85106;0,08379853;0,85045
4;manavld;20/12/2020 04:31:28;30,24735;0,2673578;0,7513691
4;manavld;20/12/2020 04:31:29;31,03463;0,2967036;0,7182106
4;manavld;20/12/2020 04:31:29;31,03463;0,2967036;0,7182106
4;manavld;20/12/2020 04:31:29;31,03463;0,2967036;0,7182106
4;manavld;20/12/2020 04:31:30;31,03463;0,2967036;0,7182106
4;manavld;20/12/2020 04:31:30;31,03463;0,2967036;0,7182106
4;manavld;20/12/2020 04:31:30;31,03463;0,2967036;0,7182106
4;manavld;20/12/2020 04:31:31;31,03463;0,2967036;0,7182106
4;manavld;20/12/2020 04:31:31;31,03463;0,2967036;0,7182106
4;manavld;20/12/2020 04:31:31;31,03463;0,2967036;0,7182106
4;manavld;20/12/2020 04:31:32;31,03463;0,2967036;0,7182106
4;manavld;20/12/2020 04:31:32;31,03463;0,2967036;0,7182106
4;manavld;20/12/2020 04:31:32;31,03463;0,2967036;0,7182106
4;manavld;20/12/2020 04:31:32;31,20323;0,3001885;0,7109154
4;manavld;20/12/2020 04:31:33;31,86546;0,3260893;0,03357498
4;manavld;20/12/2020 04:31:33;33,82169;0,3577232;-1,068115
4;manavld;20/12/2020 04:31:33;35,92095;0,5423818;-0,8070138
4;manavld;20/12/2020 04:31:34;37,07257;0,6159638;-0,04682255
4;manavld;20/12/2020 04:31:34;37,08228;0,6168435;-0,04032565
4;manavld;20/12/2020 04:31:34;36,51498;0,5349239;0,1279954
4;manavld;20/12/2020 04:31:35;34,32951;0,3901045;0,3641505
4;manavld;20/12/2020 04:31:35;32,52295;0,3189223;0,4719528
4;manavld;20/12/2020 04:31:35;32,51994;0,2917672;2,065802
4;manavld;20/12/2020 04:31:35;33,15387;0,3716699;4,238019
4;manavld;20/12/2020 04:31:36;33,80243;0,5120026;6,41195
4;manavld;20/12/2020 04:31:36;34,46922;2,131578;8,673368
4;manavld;20/12/2020 04:31:36;35,14858;2,531579;10,97521
4;manavld;20/12/2020 04:31:37;35,82794;0,9115795;13,27705
4;manavld;20/12/2020 04:31:37;36,2423;0,1927533;14,67593
4;manavld;20/12/2020 04:31:37;36,63876;0,3566371;16,01639
4;manavld;20/12/2020 04:31:38;37,31812;2,252638;18,31823
4;manavld;20/12/2020 04:31:38;37,99747;1,752638;20,62007
4;manavld;20/12/2020 04:31:38;38,46463;0,6412445;22,20367
4;manavld;20/12/2020 04:31:38;38,53666;0,637145;22,44829
4;manavld;20/12/2020 04:31:39;38,53666;0,637145;22,44829
4;manavld;20/12/2020 04:31:39;38,53666;0,637145;22,44829
4;manavld;20/12/2020 04:31:39;38,53666;0,637145;22,44829
4;manavld;20/12/2020 04:31:40;38,53666;0,637145;22,44829
4;manavld;20/12/2020 04:31:40;38,53666;0,637145;22,44829
4;manavld;20/12/2020 04:31:40;38,53666;0,637145;22,44829
4;manavld;20/12/2020 04:31:41;38,53666;0,637145;22,44829
4;manavld;20/12/2020 04:31:41;38,53666;0,637145;22,44829
4;manavld;20/12/2020 04:31:41;38,53666;0,637145;22,44829
4;manavld;20/12/2020 04:31:42;38,61739;0,6335207;22,46837
4;manavld;20/12/2020 04:31:42;40,3933;0,5750098;22,90235
4;manavld;20/12/2020 04:31:42;42,0935;0,3248292;22,2538
4;manavld;20/12/2020 04:31:42;42,0954;0,299871;22,08906
4;manavld;20/12/2020 04:31:43;41,54141;0,3975666;20,68184
4;manavld;20/12/2020 04:31:43;40,71058;0,4662962;18,57213
4;manavld;20/12/2020 04:31:43;39,8419;0,3867551;16,31274
4;manavld;20/12/2020 04:31:44;39,10212;0,1189237;14,1966
4;manavld;20/12/2020 04:31:44;38,35178;0,0399105;12,05849
4;manavld;20/12/2020 04:31:44;37,61664;0,2536409;9,926543
4;manavld;20/12/2020 04:31:45;37,04495;0,4643118;8,051344
4;manavld;20/12/2020 04:31:45;37,04495;0,4643117;8,051344
4;manavld;20/12/2020 04:31:45;36,74843;0,5164946;7,010977
4;manavld;20/12/2020 04:31:45;36,74523;0,5169748;6,999688
4;manavld;20/12/2020 04:31:46;36,67467;0,5279773;6,743932
4;manavld;20/12/2020 04:31:46;36,18238;0,5022713;6,648742
4;manavld;20/12/2020 04:31:46;36,18238;0,5022712;6,648742
4;manavld;20/12/2020 04:31:47;36,18238;0,5022712;6,648742
4;manavld;20/12/2020 04:31:47;36,18238;0,5022712;6,648742
4;manavld;20/12/2020 04:31:47;36,17857;0,5027143;6,637427
4;manavld;20/12/2020 04:31:48;35,08339;0,4889182;6,378314
4;manavld;20/12/2020 04:31:48;33,88879;0,4047624;4,66664
4;manavld;20/12/2020 04:31:48;33,36353;0,3137102;2,742436
4;manavld;20/12/2020 04:31:49;32,88107;0,3061235;0,9729183
4;manavld;20/12/2020 04:31:49;32,33739;0,3336499;-1,020169
4;manavld;20/12/2020 04:31:49;32,23686;0,3315399;-1,38939
4;manavld;20/12/2020 04:31:49;32,23686;0,3315399;-1,38939
4;manavld;20/12/2020 04:31:50;32,23686;0,3315399;-1,38939
4;manavld;20/12/2020 04:31:50;32,23686;0,3315399;-1,38939
4;manavld;20/12/2020 04:31:50;33,00769;0,3724766;-2,246453
4;manavld;20/12/2020 04:31:51;34,6823;0,6409904;-3,615991
4;manavld;20/12/2020 04:31:51;36,52913;0,6051819;-2,559716
4;manavld;20/12/2020 04:31:51;38,34779;0,6815997;-1,418275
4;manavld;20/12/2020 04:31:52;40,38068;0,4899999;-1,301396
4;manavld;20/12/2020 04:31:52;42,53061;2,118;-2,225071
4;manavld;20/12/2020 04:31:52;44,24954;2,518001;-3,897631
4;manavld;20/12/2020 04:31:52;45,44767;0,8980011;-5,953752
4;manavld;20/12/2020 04:31:53;45,56879;0,2688594;-7,314169
4;manavld;20/12/2020 04:31:53;45,55372;0,2533765;-8,639238
4;manavld;20/12/2020 04:31:53;45,06891;0,3479208;-10,85247
4;manavld;20/12/2020 04:31:54;44,40564;0,4875695;-13,16351
4;manavld;20/12/2020 04:31:54;43,86065;0,5859581;-15,0811
4;manavld;20/12/2020 04:31:54;43,84194;0,5843768;-15,147
4;manavld;20/12/2020 04:31:55;43,84194;0,5843768;-15,147
4;manavld;20/12/2020 04:31:55;43,84194;0,5843768;-15,147
4;manavld;20/12/2020 04:31:55;43,84194;0,5843768;-15,147
4;manavld;20/12/2020 04:31:55;43,84194;0,5843768;-15,147
4;manavld;20/12/2020 04:31:56;43,84194;0,5843768;-15,147
4;manavld;20/12/2020 04:31:56;43,84194;0,5843768;-15,147
4;manavld;20/12/2020 04:31:56;26;0,6159999;1
4;manavld;20/12/2020 04:31:57;26;0,04483724;1
4;manavld;20/12/2020 04:31:57;26;0,04483724;1
4;manavld;20/12/2020 04:31:57;26;0,04483724;1
4;manavld;20/12/2020 04:31:58;26;0,04483724;1
4;manavld;20/12/2020 04:31:58;26;0,04483724;1
4;manavld;20/12/2020 04:31:58;26;0,04483724;1
5;manavld;20/12/2020 04:38:26;6;-0,02091116;-35
5;manavld;20/12/2020 04:38:27;6;-0,02091116;-35
5;manavld;20/12/2020 04:38:27;6;-0,02091116;-35
5;manavld;20/12/2020 04:38:27;6;-0,02091116;-35
5;manavld;20/12/2020 04:38:28;6;-0,02091116;-35
5;manavld;20/12/2020 04:38:28;6;-0,02091116;-35
5;manavld;20/12/2020 04:38:28;6;-0,02091116;-35
5;manavld;20/12/2020 04:38:29;6;-0,02091116;-35
5;manavld;20/12/2020 04:38:29;6;-0,02091116;-35
5;manavld;20/12/2020 04:38:29;6;-0,02091116;-35
5;manavld;20/12/2020 04:38:30;6;-0,02091116;-35
5;manavld;20/12/2020 04:38:30;6;-0,02091116;-35
5;manavld;20/12/2020 04:38:30;6;-0,02091116;-35
5;manavld;20/12/2020 04:38:30;6;-0,02091116;-35
5;manavld;20/12/2020 04:38:31;5,935963;-0,02094299;-34,94627
5;manavld;20/12/2020 04:38:31;5,935963;-0,02094299;-34,94627
5;manavld;20/12/2020 04:38:31;5,935963;-0,02094299;-34,94627
5;manavld;20/12/2020 04:38:32;5,935963;-0,02094299;-34,94627
5;manavld;20/12/2020 04:38:32;5,935963;-0,02094299;-34,94627
5;manavld;20/12/2020 04:38:32;5,935963;-0,02094299;-34,94627
5;manavld;20/12/2020 04:38:33;5,935963;-0,02094299;-34,94627
5;manavld;20/12/2020 04:38:33;5,935963;-0,02094299;-34,94627
5;manavld;20/12/2020 04:38:33;5,935963;-0,02094299;-34,94627
5;manavld;20/12/2020 04:38:33;5,935963;-0,02094299;-34,94627
5;manavld;20/12/2020 04:38:34;5,935963;-0,02094299;-34,94627
5;manavld;20/12/2020 04:38:34;5,935963;-0,02094299;-34,94627
5;manavld;20/12/2020 04:38:34;5,935963;-0,02094299;-34,94627
5;manavld;20/12/2020 04:38:35;5,935963;-0,02094299;-34,94627
5;manavld;20/12/2020 04:38:35;5,935963;-0,02094299;-34,94627
5;manavld;20/12/2020 04:38:35;5,935963;-0,02094299;-34,94627
5;manavld;20/12/2020 04:38:36;5,935963;-0,02094299;-34,94627
5;manavld;20/12/2020 04:38:36;5,942822;-0,02093083;-34,91788
5;manavld;20/12/2020 04:38:36;6,381635;-0,02024102;-33,43189
5;manavld;20/12/2020 04:38:37;7,021132;-0,01923305;-31,25685
5;manavld;20/12/2020 04:38:37;7,160777;-0,01854438;-28,94067
5;manavld;20/12/2020 04:38:37;7,379401;-0,01783341;-26,75725
5;manavld;20/12/2020 04:38:37;7,981194;-0,01684684;-24,56072
5;manavld;20/12/2020 04:38:38;8,600292;-0,01585078;-22,37531
5;manavld;20/12/2020 04:38:38;7,71417;-0,0159626;-20,3409
5;manavld;20/12/2020 04:38:38;7,759615;-0,01533949;-18,01913
5;manavld;20/12/2020 04:38:39;8,274599;-0,01441014;-15,80513
5;manavld;20/12/2020 04:38:39;8,779244;-0,0134871;-13,58679
5;manavld;20/12/2020 04:38:39;9,254859;-0,01258421;-11,36652
5;manavld;20/12/2020 04:38:40;9,277102;-0,01201075;-9,175524
5;manavld;20/12/2020 04:38:40;9,241194;-0,01144636;-6,857346
5;manavld;20/12/2020 04:38:40;9,252006;-0,01088059;-4,664124
5;manavld;20/12/2020 04:38:40;9,29957;-0,01028919;-2,473244
5;manavld;20/12/2020 04:38:41;9,748534;0,04360259;-0,2386001
5;manavld;20/12/2020 04:38:41;10,12936;0,03899997;1,203927
5;manavld;20/12/2020 04:38:41;10,14038;0,03899986;1,245042
5;manavld;20/12/2020 04:38:42;10,14038;0,03899986;1,245042
5;manavld;20/12/2020 04:38:42;10,14038;0,03899986;1,245042
5;manavld;20/12/2020 04:38:42;10,15213;0,03899997;1,247226
5;manavld;20/12/2020 04:38:43;11,43713;0,03899997;1,406985
5;manavld;20/12/2020 04:38:43;13,52729;-0,01506215;0,8711972
5;manavld;20/12/2020 04:38:43;15,75735;-0,01731431;0,5776404
5;manavld;20/12/2020 04:38:44;18,17714;-0,01731431;0,451522
5;manavld;20/12/2020 04:38:44;20,44983;-0,01731431;0,3520461
5;manavld;20/12/2020 04:38:44;22,72153;-0,01731431;0,2590989
5;manavld;20/12/2020 04:38:44;24,99133;0,007570386;0,1858556
5;manavld;20/12/2020 04:38:45;27,41203;0,09416652;0,110204
5;manavld;20/12/2020 04:38:45;29,31087;0,2131627;0,05225684
5;manavld;20/12/2020 04:38:45;29,54381;0,2396804;0,04586447
5;manavld;20/12/2020 04:38:46;29,54381;0,2396804;0,04586447
5;manavld;20/12/2020 04:38:46;29,54381;0,2396804;0,04586447
5;manavld;20/12/2020 04:38:46;29,54381;0,2396804;0,04586447
5;manavld;20/12/2020 04:38:47;29,54381;0,2396804;0,04586447
5;manavld;20/12/2020 04:38:47;29,54381;0,2396804;0,04586447
5;manavld;20/12/2020 04:38:47;29,54381;0,2396804;0,04586447
5;manavld;20/12/2020 04:38:47;29,54381;0,2396804;0,04586447
5;manavld;20/12/2020 04:38:48;29,54381;0,2396804;0,04586447
5;manavld;20/12/2020 04:38:48;29,54381;0,2396804;0,04586447
5;manavld;20/12/2020 04:38:48;29,54381;0,2396804;0,04586447
5;manavld;20/12/2020 04:38:49;29,54381;0,2396804;0,04586447
6;manavld;20/12/2020 04:44:10;6;-0,02091116;-35
6;manavld;20/12/2020 04:44:10;6;-0,02091116;-35
6;manavld;20/12/2020 04:44:11;6;-0,02091116;-35
6;manavld;20/12/2020 04:44:11;6;-0,02091116;-35
6;manavld;20/12/2020 04:44:11;6;-0,02091116;-35
6;manavld;20/12/2020 04:44:11;5,993754;-0,0208872;-34,88821
6;manavld;20/12/2020 04:44:12;6,229388;-0,02022791;-32,95559
6;manavld;20/12/2020 04:44:12;6,390992;-0,01953804;-30,69585
6;manavld;20/12/2020 04:44:12;6,614303;-0,01880169;-28,42579
6;manavld;20/12/2020 04:44:13;6,842832;0,9016879;-26,12395
6;manavld;20/12/2020 04:44:13;7,095555;2,185688;-23,57645
6;manavld;20/12/2020 04:44:13;7,332484;1,105689;-21,18818
6;manavld;20/12/2020 04:44:14;7,5187;0,5600053;-19,31109
6;manavld;20/12/2020 04:44:14;7,756323;2,096006;-16,92289
6;manavld;20/12/2020 04:44:14;8,05731;1,312006;-14,54188
6;manavld;20/12/2020 04:44:14;8,28293;-0,0136444;-12,81904
6;manavld;20/12/2020 04:44:15;8,585106;1,974386;-10,51168
6;manavld;20/12/2020 04:44:15;8,916824;1,758387;-8,134754
6;manavld;20/12/2020 04:44:15;9,249562;-0,0112018;-5,919675
6;manavld;20/12/2020 04:44:16;9,688366;1,820847;-3,921069
6;manavld;20/12/2020 04:44:16;10,21914;1,904848;-1,580576
6;manavld;20/12/2020 04:44:16;10,8989;0,2226397;0,4124348
6;manavld;20/12/2020 04:44:17;10,993;0,03899986;0,665715
6;manavld;20/12/2020 04:44:17;10,993;0,03899986;0,665715
6;manavld;20/12/2020 04:44:17;10,993;0,03899997;0,665715
6;manavld;20/12/2020 04:44:17;12,26417;1,899;1,11581
6;manavld;20/12/2020 04:44:18;14,50521;2,006;0,8368309
6;manavld;20/12/2020 04:44:18;16,79335;0,2660005;0,8749123
6;manavld;20/12/2020 04:44:18;17,99912;-0,01731437;1,101396
6;manavld;20/12/2020 04:44:19;19,43354;-0,01731431;1,352342
6;manavld;20/12/2020 04:44:19;21,83817;-0,01731431;1,706741
6;manavld;20/12/2020 04:44:19;24,10346;-0,01731431;1,742817
6;manavld;20/12/2020 04:44:20;26,37259;0,04012126;1,556119
6;manavld;20/12/2020 04:44:20;28,62242;0,1178114;1,331638
6;manavld;20/12/2020 04:44:20;30,88266;0,2788248;1,153028
6;manavld;20/12/2020 04:44:21;31,05061;0,2873565;1,140775
6;manavld;20/12/2020 04:44:21;32,52324;0,309767;0,8812455
6;manavld;20/12/2020 04:44:21;32,7761;0,3144717;0,6839415
6;manavld;20/12/2020 04:44:21;33,36694;0,2889974;1,746383
6;manavld;20/12/2020 04:44:22;33,85897;0,3096198;2,707017
6;manavld;20/12/2020 04:44:22;34,54416;0,3925713;2,902948
6;manavld;20/12/2020 04:44:22;35,44251;0,4788784;2,373505
6;manavld;20/12/2020 04:44:23;35,44305;0,47364;2,268854
6;manavld;20/12/2020 04:44:23;35,42947;0,4720387;2,26988
6;manavld;20/12/2020 04:44:23;35,03952;0,4413607;2,60193
6;manavld;20/12/2020 04:44:24;34,5242;0,3543289;2,123338
6;manavld;20/12/2020 04:44:24;34,45101;0,351704;1,666657
6;manavld;20/12/2020 04:44:24;35,01955;0,4416485;1,138011
6;manavld;20/12/2020 04:44:24;35,42599;0,4646376;0,9205319
6;manavld;20/12/2020 04:44:25;37,58438;0,6864755;-0,1395697
6;manavld;20/12/2020 04:44:25;39,12602;0,4899998;-0,5964201
6;manavld;20/12/2020 04:44:25;40,11327;0,4899999;-0,7123126
6;manavld;20/12/2020 04:44:26;41,62203;0,4899999;-0,9064162
6;manavld;20/12/2020 04:44:26;43,85357;1,998;-1,522649
6;manavld;20/12/2020 04:44:26;43,76359;2,562001;-3,840282
6;manavld;20/12/2020 04:44:27;44,88739;1,062001;-5,839246
6;manavld;20/12/2020 04:44:27;45,85555;0,2966691;-6,836864
6;manavld;20/12/2020 04:44:27;45,85832;0,2649119;-8,160564
6;manavld;20/12/2020 04:44:27;45,71122;0,3105983;-10,4306
6;manavld;20/12/2020 04:44:28;44,96711;0,3932687;-12,56125
6;manavld;20/12/2020 04:44:28;44,00177;0,6030746;-14,76773
6;manavld;20/12/2020 04:44:28;43,93437;0,5953465;-14,90309
6;manavld;20/12/2020 04:44:29;43,78018;0,5589471;-14,84172
6;manavld;20/12/2020 04:44:29;43,192;0,4380018;-15,07091
6;manavld;20/12/2020 04:44:29;43,05242;0,4147553;-15,26641
6;manavld;20/12/2020 04:44:30;42,68859;0,399917;-16,32384
6;manavld;20/12/2020 04:44:30;42,68859;0,399917;-16,32384
6;manavld;20/12/2020 04:44:30;43,06018;0,5447327;-18,249
6;manavld;20/12/2020 04:44:31;45,22649;0,5761802;-18,61713
6;manavld;20/12/2020 04:44:31;45,48573;0,3301723;-20,73755
6;manavld;20/12/2020 04:44:31;45,26049;0,4568471;-22,97929
6;manavld;20/12/2020 04:44:31;46,08304;0,53171;-24,02851
6;manavld;20/12/2020 04:44:32;46,34334;0,4765964;-24,15741
6;manavld;20/12/2020 04:44:32;48,42714;0,1859781;-24,68026
6;manavld;20/12/2020 04:44:32;49,50066;0,1582792;-24,27388
6;manavld;20/12/2020 04:44:33;48,93244;0,1438622;-23,27876
6;manavld;20/12/2020 04:44:33;48,68895;0,1955714;-22,71259
6;manavld;20/12/2020 04:44:33;47,71202;0,3030018;-22,34331
6;manavld;20/12/2020 04:44:34;47,15071;0,28558;-22,13779
6;manavld;20/12/2020 04:44:34;47,13776;0,2851385;-22,13306
6;manavld;20/12/2020 04:44:34;46,88242;0,2744606;-22,02404
6;manavld;20/12/2020 04:44:34;47,05641;0,2776946;-22,06619
6;manavld;20/12/2020 04:44:35;49,25574;0,2247622;-22,4758
6;manavld;20/12/2020 04:44:35;51,4809;0,3461981;-22,3191
6;manavld;20/12/2020 04:44:35;51,96058;0,4562962;-24,11465
6;manavld;20/12/2020 04:44:36;51,88932;0,430739;-24,26329
6;manavld;20/12/2020 04:44:36;51,09254;0,1944915;-25,4964
6;manavld;20/12/2020 04:44:36;48,96643;0,2329214;-25,72712
6;manavld;20/12/2020 04:44:37;49,21598;0,131748;-27,73428
6;manavld;20/12/2020 04:44:37;50,8516;0,468459;-29,09499
6;manavld;20/12/2020 04:44:37;52,29255;1,546288;-29,31875
6;manavld;20/12/2020 04:44:38;53,76674;2,725637;-29,10936
6;manavld;20/12/2020 04:44:38;55,14664;3,829564;-28,91783
6;manavld;20/12/2020 04:44:38;56,18437;3,982686;-30,3945
6;manavld;20/12/2020 04:44:38;56,2525;3,982686;-30,85494
6;manavld;20/12/2020 04:44:39;56,40107;3,982686;-31,60892
6;manavld;20/12/2020 04:44:39;56,41602;3,982686;-31,96119
6;manavld;20/12/2020 04:44:39;56,53353;3,982686;-32,80122
6;manavld;20/12/2020 04:44:40;56,70008;3,982686;-33,58985
6;manavld;20/12/2020 04:44:40;56,82725;3,982686;-34,19171
6;manavld;20/12/2020 04:44:40;57,16216;3,982686;-35,77677
6;manavld;20/12/2020 04:44:41;57,17868;3,982685;-35,85493
6;manavld;20/12/2020 04:44:41;57,17868;3,982685;-35,85493
6;manavld;20/12/2020 04:44:41;57,18159;3,982686;-35,86842
6;manavld;20/12/2020 04:44:41;57,38859;3,982686;-36,82738
6;manavld;20/12/2020 04:44:42;57,38859;3,982686;-36,82738
6;manavld;20/12/2020 04:44:42;57,39565;3,982685;-36,86006
6;manavld;20/12/2020 04:44:42;57,4642;3,982686;-36,76927
6;manavld;20/12/2020 04:44:43;58,09426;3,982686;-35,09226
6;manavld;20/12/2020 04:44:43;57,75356;3,982685;-33,07311
6;manavld;20/12/2020 04:44:43;56,81192;3,982686;-31,38219
6;manavld;20/12/2020 04:44:44;56,24226;3,982686;-31,04963
6;manavld;20/12/2020 04:44:44;56,34212;3,982686;-32,60081
6;manavld;20/12/2020 04:44:44;56,58027;3,982686;-35,00876
6;manavld;20/12/2020 04:44:45;56,98895;3,982686;-37,099
6;manavld;20/12/2020 04:44:45;57,44774;3,982686;-37,09907
6;manavld;20/12/2020 04:44:45;57,45911;3,982686;-37,09907
6;manavld;20/12/2020 04:44:45;57,51102;3,982686;-36,92297
6;manavld;20/12/2020 04:44:46;57,51313;3,982685;-36,8437
6;manavld;20/12/2020 04:44:46;57,51313;3,982685;-36,8437
6;manavld;20/12/2020 04:44:46;57,51313;3,982685;-36,8437
6;manavld;20/12/2020 04:44:47;57,51313;3,982685;-36,8437
6;manavld;20/12/2020 04:44:47;57,51313;3,982685;-36,8437
6;manavld;20/12/2020 04:44:47;57,51313;3,982685;-36,8437
6;manavld;20/12/2020 04:44:48;57,51313;3,982685;-36,8437
6;manavld;20/12/2020 04:44:48;57,51313;3,982685;-36,8437
6;manavld;20/12/2020 04:44:48;57,51313;3,982685;-36,8437
6;manavld;20/12/2020 04:44:48;57,54206;3,982686;-36,76553
6;manavld;20/12/2020 04:44:49;58,1134;3,982686;-35,18626
6;manavld;20/12/2020 04:44:49;58,86436;3,982686;-33,04949
6;manavld;20/12/2020 04:44:49;59,25562;3,982686;-30,82165
6;manavld;20/12/2020 04:44:50;57,50849;4;-29,58839
6;manavld;20/12/2020 04:44:50;56,23809;4;-27,52168
6;manavld;20/12/2020 04:44:50;55,02092;6,076001;-25,45323
6;manavld;20/12/2020 04:44:51;53,80781;5,772001;-23,38242
6;manavld;20/12/2020 04:44:51;52,8534;3,612001;-21,18375
6;manavld;20/12/2020 04:44:51;52,07833;0,2159022;-19,08213
6;manavld;20/12/2020 04:44:51;51,4832;0,2688711;-17,47962
6;manavld;20/12/2020 04:44:52;50,9026;0,2422265;-15,91493
6;manavld;20/12/2020 04:44:52;50,69569;0,1230227;-13,83242
6;manavld;20/12/2020 04:44:52;51,0317;0,1970962;-11,59509
6;manavld;20/12/2020 04:44:53;51,78286;0,4026914;-9,479519
6;manavld;20/12/2020 04:44:53;51,45483;0,4776407;-7,353551
6;manavld;20/12/2020 04:44:53;51,11872;0,3012707;-5,238845
6;manavld;20/12/2020 04:44:54;51,21391;0,1307679;-3,012193
6;manavld;20/12/2020 04:44:54;49,37072;0,3055233;-1,491808
6;manavld;20/12/2020 04:44:54;47,55013;0,689274;-0,2467016
6;manavld;20/12/2020 04:44:55;45,41541;0,6169171;-0,2927914
6;manavld;20/12/2020 04:44:55;43,29675;0,49;-0,9897004
6;manavld;20/12/2020 04:44:55;41,13111;0,4899999;-1,248986
6;manavld;20/12/2020 04:44:55;39,08413;1,066;-0,1883053
6;manavld;20/12/2020 04:44:56;36,97715;2,602;0,9501792
6;manavld;20/12/2020 04:44:56;36,17277;1,818001;3,201345
6;manavld;20/12/2020 04:44:56;35,43451;0,5152612;4,788884
6;manavld;20/12/2020 04:44:57;34,25713;0,4555794;5,328229
6;manavld;20/12/2020 04:44:57;32,86693;0,5835798;6,64566
6;manavld;20/12/2020 04:44:57;31,92653;0,7509151;8,698076
6;manavld;20/12/2020 04:44:58;30,77623;0,7406312;10,63293
6;manavld;20/12/2020 04:44:58;30,33602;0,6536963;11,25979
6;manavld;20/12/2020 04:44:58;29,72878;0,5182461;11,89373
6;manavld;20/12/2020 04:44:58;28,98733;0,3889284;12,63221
6;manavld;20/12/2020 04:44:59;28,98733;0,3889284;12,63221
6;manavld;20/12/2020 04:44:59;28,98733;0,3889284;12,63221
6;manavld;20/12/2020 04:44:59;28,98733;0,3889284;12,63221
6;manavld;20/12/2020 04:45:00;28,98733;0,3889284;12,63221
6;manavld;20/12/2020 04:45:00;28,98733;0,3889284;12,63221
6;manavld;20/12/2020 04:45:00;28,98733;0,3889284;12,63221
6;manavld;20/12/2020 04:45:01;28,98733;0,3889284;12,63221
6;manavld;20/12/2020 04:45:01;56,75;4;-28
6;manavld;20/12/2020 04:45:01;56,75;4;-28
6;manavld;20/12/2020 04:45:01;56,75;4;-28
6;manavld;20/12/2020 04:45:02;56,75;4;-28
6;manavld;20/12/2020 04:45:02;56,75;4;-28
6;manavld;20/12/2020 04:45:02;56,75;4;-28
6;manavld;20/12/2020 04:45:03;56,75;4;-28
6;manavld;20/12/2020 04:45:03;56,75;4;-28
7;manavld;20/12/2020 04:59:10;6;-0,02091116;-35
7;manavld;20/12/2020 04:59:10;6;-0,02091116;-35
7;manavld;20/12/2020 04:59:10;6;-0,02091116;-35
7;manavld;20/12/2020 04:59:10;6;-0,02091116;-35
7;manavld;20/12/2020 04:59:11;6;-0,02091116;-35
7;manavld;20/12/2020 04:59:11;6;-0,02091116;-35
7;manavld;20/12/2020 04:59:11;6;-0,02091116;-35
7;manavld;20/12/2020 04:59:12;5,935963;-0,02094299;-34,94627
7;manavld;20/12/2020 04:59:12;5,935963;-0,02094299;-34,94627
7;manavld;20/12/2020 04:59:12;5,935963;-0,02094299;-34,94627
8;manavld;20/12/2020 05:22:39;6;-0,02091116;-35
8;manavld;20/12/2020 05:22:39;6;-0,02091116;-35
8;manavld;20/12/2020 05:22:40;6;-0,02091116;-35
8;manavld;20/12/2020 05:22:40;6;-0,02091116;-35
8;manavld;20/12/2020 05:22:40;6;-0,02091116;-35
8;manavld;20/12/2020 05:22:41;5,971047;-0,02091604;-34,93825
8;manavld;20/12/2020 05:22:41;5,198983;-0,02103937;-33,26694
8;manavld;20/12/2020 05:22:41;3,849517;-0,02139056;-31,47422
8;manavld;20/12/2020 05:22:42;2,788327;-0,02090812;-30,56564
8;manavld;20/12/2020 05:22:42;2,660017;-0,02084988;-30,45591
8;manavld;20/12/2020 05:22:42;2,621483;-0,02072674;-29,98409
8;manavld;20/12/2020 05:22:42;1,758136;-0,02110827;-28,39731
8;manavld;20/12/2020 05:22:43;1,758136;-0,02110827;-28,39731
8;manavld;20/12/2020 05:22:43;1,612414;-0,0215596;-26,58051
8;manavld;20/12/2020 05:22:43;1,553574;1,490359;-24,07958
8;manavld;20/12/2020 05:22:44;1,551071;2,21836;-21,67958
8;manavld;20/12/2020 05:22:44;1,550429;0,8383602;-19,27958
8;manavld;20/12/2020 05:22:44;1,73471;-0,01958013;-17,86075
8;manavld;20/12/2020 05:22:45;2,466044;1,060824;-16,27916
8;manavld;20/12/2020 05:22:45;3,504949;2,184825;-14,11569
8;manavld;20/12/2020 05:22:45;4,604746;0,9688252;-11,80397
8;manavld;20/12/2020 05:22:45;5,288535;-0,01514798;-10,36666
8;manavld;20/12/2020 05:22:46;5,849549;-0,0144493;-9,187425
8;manavld;20/12/2020 05:22:46;6,738092;-0,01333177;-7,277282
8;manavld;20/12/2020 05:22:46;6,492657;-0,01294714;-5,080321
8;manavld;20/12/2020 05:22:47;6,082342;-0,0126766;-2,871786
8;manavld;20/12/2020 05:22:47;7,322803;-0,01132911;-1,040149
8;manavld;20/12/2020 05:22:47;9,282146;-0,009573638;0,3871892
8;manavld;20/12/2020 05:22:48;10,77601;0,05680609;1,249537
8;manavld;20/12/2020 05:22:48;10,83537;0,03899986;1,28257
8;manavld;20/12/2020 05:22:48;10,83537;0,03899986;1,28257
8;manavld;20/12/2020 05:22:49;11,59523;1,679;1,268083
8;manavld;20/12/2020 05:22:49;13,8748;2,158;1,223977
8;manavld;20/12/2020 05:22:49;16,27452;0,8380001;1,186911
8;manavld;20/12/2020 05:22:49;17,7931;-0,01731431;1,165843
8;manavld;20/12/2020 05:22:50;19,17926;-0,01731431;1,147578
8;manavld;20/12/2020 05:22:50;21,42251;-0,01731431;1,155787
8;manavld;20/12/2020 05:22:50;23,69037;-0,01731431;1,193771
8;manavld;20/12/2020 05:22:51;25,96467;0,03440273;1,252131
8;manavld;20/12/2020 05:22:51;28,23245;0,09239948;1,317628
8;manavld;20/12/2020 05:22:51;28,99902;0,1424054;1,341816
8;manavld;20/12/2020 05:22:52;29,70657;0,2003798;1,281809
8;manavld;20/12/2020 05:22:52;30,08482;0,2483847;0,9939741
8;manavld;20/12/2020 05:22:52;30,75187;0,2943085;0,5472133
8;manavld;20/12/2020 05:22:52;30,83323;0,2966791;0,5071071
8;manavld;20/12/2020 05:22:53;31,5206;0,3140352;0,3101395
8;manavld;20/12/2020 05:22:53;31,5206;0,3140352;0,3101395
8;manavld;20/12/2020 05:22:53;31,66214;0,3149098;0,4129616
8;manavld;20/12/2020 05:22:54;32,47447;0,3059077;1,100878
8;manavld;20/12/2020 05:22:54;32,59545;0,2919695;1,808977
8;manavld;20/12/2020 05:22:54;32,92627;0,2888812;2,048699
8;manavld;20/12/2020 05:22:55;33,64086;0,304994;2,558777
8;manavld;20/12/2020 05:22:55;33,94855;0,3047138;2,594396
8;manavld;20/12/2020 05:22:55;35,7215;0,4892476;1,260742
8;manavld;20/12/2020 05:22:55;37,38902;0,6489778;0,08668026
8;manavld;20/12/2020 05:22:56;37,55476;0,6693975;0,1005087
8;manavld;20/12/2020 05:22:56;38,78884;0,4888536;0,2305389
8;manavld;20/12/2020 05:22:56;39,0708;0,4887747;0,2711996
8;manavld;20/12/2020 05:22:57;39,9234;0,4899999;-0,3673384
8;manavld;20/12/2020 05:22:57;42,00637;0,49;-0,8810704
8;manavld;20/12/2020 05:22:57;44,25068;0,4899999;-0,5409108
8;manavld;20/12/2020 05:22:58;46,52507;2,406;0,1264763
8;manavld;20/12/2020 05:22:58;48,75806;2,262001;1,378327
8;manavld;20/12/2020 05:22:58;50,85076;0,199544;2,553305
8;manavld;20/12/2020 05:22:59;51,63692;0,56436;3,062725
8;manavld;20/12/2020 05:22:59;52,91692;0,7880499;3,848789
8;manavld;20/12/2020 05:22:59;54,86729;0,7149035;5,000655
8;manavld;20/12/2020 05:22:59;56,30563;0,5743451;5,839061
8;manavld;20/12/2020 05:23:00;56,33184;0,5718753;5,854119
8;manavld;20/12/2020 05:23:00;58,14918;0,6181557;6,88766
8;manavld;20/12/2020 05:23:00;59,91499;0,4890805;7,693933
8;manavld;20/12/2020 05:23:01;59,91499;0,4890805;7,693933
8;manavld;20/12/2020 05:23:01;61,58276;0,2155628;8,625277
8;manavld;20/12/2020 05:23:01;63,3991;0,0433327;9,909118
8;manavld;20/12/2020 05:23:02;64,58015;0,1363004;11,97717
8;manavld;20/12/2020 05:23:02;65,32764;0,1925055;14,11662
8;manavld;20/12/2020 05:23:02;66,1319;0,3245512;16,23309
8;manavld;20/12/2020 05:23:02;66,98991;0,4225253;18,16693
8;manavld;20/12/2020 05:23:03;67,05599;0,4195808;18,32223
8;manavld;20/12/2020 05:23:03;67,06908;0,4189973;18,35298
8;manavld;20/12/2020 05:23:03;67,27046;0,3768106;18,32181
8;manavld;20/12/2020 05:23:04;67,81944;0,2484739;16,35579
8;manavld;20/12/2020 05:23:04;68,2182;0,5101779;14,15743
8;manavld;20/12/2020 05:23:04;68,54732;0,5246327;11,90444
8;manavld;20/12/2020 05:23:05;67,27496;0,303174;9,979176
8;manavld;20/12/2020 05:23:05;65,36118;0,2386853;8,741998
8;manavld;20/12/2020 05:23:05;63,69111;0,23186;7,273358
8;manavld;20/12/2020 05:23:06;62,03878;0,3840994;5,819128
8;manavld;20/12/2020 05:23:06;61,1995;0,3661525;3,730204
8;manavld;20/12/2020 05:23:06;60,26184;0,673177;1,72155
8;manavld;20/12/2020 05:23:06;58,9858;0,5941317;-0,1072006
8;manavld;20/12/2020 05:23:07;56,82585;0,5006472;-0,721724
8;manavld;20/12/2020 05:23:07;55,56705;0,3122584;-2,573866
8;manavld;20/12/2020 05:23:07;54,33015;0,358909;-4,476361
8;manavld;20/12/2020 05:23:08;53,09525;0,3496433;-6,384746
8;manavld;20/12/2020 05:23:08;51,79418;0,4714265;-8,419617
8;manavld;20/12/2020 05:23:08;50,57155;0,4470338;-10,33663
8;manavld;20/12/2020 05:23:09;49,32351;0,207265;-12,1975
8;manavld;20/12/2020 05:23:09;47,92054;0,2328378;-13,98984
8;manavld;20/12/2020 05:23:09;46,54348;0,6124302;-15,71185
8;manavld;20/12/2020 05:23:09;46,16328;0,7026317;-16,18729
8;manavld;20/12/2020 05:23:10;45,61327;0,6883868;-16,91161
8;manavld;20/12/2020 05:23:10;44,80822;0,6315633;-18,03556
8;manavld;20/12/2020 05:23:10;44,6366;0,6068175;-18,28423
8;manavld;20/12/2020 05:23:11;43,44973;0,4645044;-19,79924
8;manavld;20/12/2020 05:23:11;43,44973;0,4645042;-19,79924
8;manavld;20/12/2020 05:23:11;42,75698;0,4681686;-19,9711
8;manavld;20/12/2020 05:23:12;43,12318;0,4680353;-20,24146
8;manavld;20/12/2020 05:23:12;45,08705;0,3531694;-21,65948
8;manavld;20/12/2020 05:23:12;46,97128;0,3840348;-22,90363
8;manavld;20/12/2020 05:23:12;48,65968;0,1126206;-24,18132
8;manavld;20/12/2020 05:23:13;49,66846;0,1154606;-25,41175
8;manavld;20/12/2020 05:23:13;49,6849;0,110736;-25,43646
8;manavld;20/12/2020 05:23:13;51,03136;0,5373394;-27,00988
8;manavld;20/12/2020 05:23:14;52,14283;1,426513;-28,16845
8;manavld;20/12/2020 05:23:14;53,52969;2,535998;-28,02707
8;manavld;20/12/2020 05:23:14;54,87788;3,614554;-27,33374
8;manavld;20/12/2020 05:23:15;56,32322;4;-26,43977
8;manavld;20/12/2020 05:23:15;57,58074;4;-28,28627
8;manavld;20/12/2020 05:23:15;57,84799;3,982686;-30,44662
8;manavld;20/12/2020 05:23:15;57,62355;3,982685;-30,86241
8;manavld;20/12/2020 05:23:16;57,90276;3,982685;-31,73174
8;manavld;20/12/2020 05:23:16;57,95428;3,982686;-31,89252
8;manavld;20/12/2020 05:23:16;57,99442;3,982685;-32,01805
8;manavld;20/12/2020 05:23:17;58,0057;3,982685;-32,18649
8;manavld;20/12/2020 05:23:17;57,86633;3,982685;-33,14964
8;manavld;20/12/2020 05:23:17;57,83442;3,982685;-33,46804
8;manavld;20/12/2020 05:23:18;57,75441;3,982686;-34,3776
8;manavld;20/12/2020 05:23:18;57,73961;3,982685;-34,54578
8;manavld;20/12/2020 05:23:18;57,72761;3,982685;-34,68223
8;manavld;20/12/2020 05:23:19;57,72761;3,982685;-34,68223
8;manavld;20/12/2020 05:23:19;57,70211;3,982685;-34,80544
8;manavld;20/12/2020 05:23:19;57,66489;3,982685;-34,97011
8;manavld;20/12/2020 05:23:19;57,64474;3,982686;-35,05916
8;manavld;20/12/2020 05:23:20;57,29372;3,982685;-36,61911
8;manavld;20/12/2020 05:23:20;57,1374;3,982686;-37,32425
8;manavld;20/12/2020 05:23:20;57,1374;3,982686;-37,32425
8;manavld;20/12/2020 05:23:21;56,58662;3,982686;-37,77369
8;manavld;20/12/2020 05:23:21;56,3975;3,982686;-37,45481
8;manavld;20/12/2020 05:23:21;56,75152;3,982686;-36,59521
8;manavld;20/12/2020 05:23:22;56,87267;3,982686;-36,57618
8;manavld;20/12/2020 05:23:22;56,92793;3,982685;-37,01088
8;manavld;20/12/2020 05:23:22;56,77923;3,982686;-37,37193
8;manavld;20/12/2020 05:23:23;56,54004;4,166597;-37,52699
8;manavld;20/12/2020 05:23:23;56,53668;4,999999;-37,52354
8;manavld;20/12/2020 05:23:23;56,53668;4,999999;-37,52354
8;manavld;20/12/2020 05:23:23;56,53668;5;-37,52354
8;manavld;20/12/2020 05:23:24;56,14987;4,28049;-36,76205
8;manavld;20/12/2020 05:23:24;55,77659;3,982685;-35,81981
8;manavld;20/12/2020 05:23:24;54,94289;3,982686;-34,80684
8;manavld;20/12/2020 05:23:25;55,39028;3,982686;-32,62138
8;manavld;20/12/2020 05:23:25;54,52567;3,982686;-30,39298
8;manavld;20/12/2020 05:23:25;53,67233;5,918686;-28,16998
8;manavld;20/12/2020 05:23:26;53,05058;5,906686;-25,85192
8;manavld;20/12/2020 05:23:26;52,43273;3,986687;-23,53282
8;manavld;20/12/2020 05:23:26;51,81524;0,33331;-21,21362
8;manavld;20/12/2020 05:23:26;51,41611;0,3002596;-19,67995
8;manavld;20/12/2020 05:23:27;50,9852;0,3066704;-18,049
8;manavld;20/12/2020 05:23:27;50,45825;0,2414955;-16,03905
8;manavld;20/12/2020 05:23:27;49,88513;0,107607;-13,85092
8;manavld;20/12/2020 05:23:28;49,30043;0,277426;-11,67387
8;manavld;20/12/2020 05:23:28;48,45956;0,4249572;-9,583975
8;manavld;20/12/2020 05:23:28;47,30968;0,3259454;-7,637963
8;manavld;20/12/2020 05:23:29;45,87582;0,34057;-5,873082
8;manavld;20/12/2020 05:23:29;44,22889;2,264592;-4,15214
8;manavld;20/12/2020 05:23:29;42,31245;2,120593;-2,455757
8;manavld;20/12/2020 05:23:29;40,67343;0,4899999;-1,14123
8;manavld;20/12/2020 05:23:30;38,8961;2,45;0,2901373
8;manavld;20/12/2020 05:23:30;37,40279;2,202001;2,156472
8;manavld;20/12/2020 05:23:30;36,29092;0,7126316;3,797523
8;manavld;20/12/2020 05:23:31;35,02595;2,365216;5,544469
8;manavld;20/12/2020 05:23:31;33,43735;2,561216;7,33953
8;manavld;20/12/2020 05:23:31;31,57317;0,8212168;8,849031
8;manavld;20/12/2020 05:23:32;30,20099;1,892893;9,929118
8;manavld;20/12/2020 05:23:32;28,39147;2,736894;11,50511
8;manavld;20/12/2020 05:23:32;26,83305;1,476894;13,09557
8;manavld;20/12/2020 05:23:33;26,14011;0,5489478;14,26329
8;manavld;20/12/2020 05:23:33;26,15005;0,5350478;14,41651
8;manavld;20/12/2020 05:23:33;26,25617;0,5383863;14,42949
8;manavld;20/12/2020 05:23:33;26,25617;0,5383863;14,42949
8;manavld;20/12/2020 05:23:34;26,25617;0,5383863;14,42949
8;manavld;20/12/2020 05:23:34;26,25617;0,5383863;14,42949
8;manavld;20/12/2020 05:23:34;26,25617;0,5383863;14,42949
8;manavld;20/12/2020 05:23:35;26,42358;0,5436535;14,44996
8;manavld;20/12/2020 05:23:35;26,42358;0,5436535;14,44996
8;manavld;20/12/2020 05:23:35;26,42358;0,5436535;14,44996
8;manavld;20/12/2020 05:23:36;26,42358;0,5436535;14,44996
8;manavld;20/12/2020 05:23:36;26,42358;0,5436535;14,44996
8;manavld;20/12/2020 05:23:36;26,41747;0,5385653;14,50157
8;manavld;20/12/2020 05:23:36;26,1573;0,4016688;15,84631
8;manavld;20/12/2020 05:23:37;26,14952;0,3976893;15,8853
8;manavld;20/12/2020 05:23:37;25,72907;0,4624698;17,58742
8;manavld;20/12/2020 05:23:37;24,83881;0,2355025;19,62648
8;manavld;20/12/2020 05:23:38;23,72051;0,2922711;21,59071
8;manavld;20/12/2020 05:23:38;22,6094;0,1273286;23,52198
8;manavld;20/12/2020 05:23:38;22,20152;0,2269634;24,19751
8;manavld;20/12/2020 05:23:39;22,20152;0,2269634;24,19751
8;manavld;20/12/2020 05:23:39;22,20152;0,2269634;24,19751
8;manavld;20/12/2020 05:23:39;22,20152;0,2269634;24,19751
8;manavld;20/12/2020 05:23:40;22,20152;0,2269634;24,19751
8;manavld;20/12/2020 05:23:40;22,20152;0,2269634;24,19751
8;manavld;20/12/2020 05:23:40;22,20152;0,2269634;24,19751
8;manavld;20/12/2020 05:23:40;22,20152;0,2269634;24,19751
8;manavld;20/12/2020 05:23:41;22,20152;0,2269634;24,19751
8;manavld;20/12/2020 05:23:41;22,20152;0,2269634;24,19751
8;manavld;20/12/2020 05:23:41;22,20152;0,2269634;24,19751
8;manavld;20/12/2020 05:23:42;22,1458;0,2634685;24,28259
8;manavld;20/12/2020 05:23:42;21,47036;0,258691;24,04016
8;manavld;20/12/2020 05:23:42;21,94221;0,04065144;22,18339
8;manavld;20/12/2020 05:23:43;23,55918;0,2786855;21,46441
8;manavld;20/12/2020 05:23:43;23,83422;0,2830482;21,35138
8;manavld;20/12/2020 05:23:43;23,89527;0,2563426;20,84294
8;manavld;20/12/2020 05:23:43;22,12131;0,1082354;19,59415
8;manavld;20/12/2020 05:23:44;20,06137;0,3240936;18,36775
8;manavld;20/12/2020 05:23:44;18,18039;0,6015601;17,79034
8;manavld;20/12/2020 05:23:44;18,18254;0,8113166;19,64432
8;manavld;20/12/2020 05:23:45;20,01764;0,3721448;20,84296
8;manavld;20/12/2020 05:23:45;21,90486;0,036645;22,00341
8;manavld;20/12/2020 05:23:45;23,64203;0,2403102;20,73713
8;manavld;20/12/2020 05:23:46;24,87768;0,3447374;18,85436
8;manavld;20/12/2020 05:23:46;24,83969;0,4845752;16,69191
8;manavld;20/12/2020 05:23:46;22,99436;0,5048695;15,47806
8;manavld;20/12/2020 05:23:47;21,57493;0,212085;16,66407
8;manavld;20/12/2020 05:23:47;21,57493;0,2120848;16,66407
8;manavld;20/12/2020 05:23:47;21,23677;0,1207939;17,12013
8;manavld;20/12/2020 05:23:47;21,23677;0,1207939;17,12013
8;manavld;20/12/2020 05:23:48;21,23677;0,1207939;17,12013
8;manavld;20/12/2020 05:23:48;21,23677;0,1207939;17,12013
8;manavld;20/12/2020 05:23:48;21,23677;0,1207939;17,12013
8;manavld;20/12/2020 05:23:49;21,23677;0,1207939;17,12013
8;manavld;20/12/2020 05:23:49;21,23677;0,1207939;17,12013
8;manavld;20/12/2020 05:23:49;21,23677;0,1207939;17,12013
8;manavld;20/12/2020 05:23:50;21,23677;0,1207939;17,12013
8;manavld;20/12/2020 05:23:50;56,75;4,32;-28
8;manavld;20/12/2020 05:23:50;56,75;4;-28
8;manavld;20/12/2020 05:23:50;56,75;4;-28
8;manavld;20/12/2020 05:23:51;56,75;4;-28
8;manavld;20/12/2020 05:23:51;56,75;4;-28
8;manavld;20/12/2020 05:23:51;56,75;4;-28
8;manavld;20/12/2020 05:23:52;56,7961;4;-28,04882
8;manavld;20/12/2020 05:23:52;57,31911;4;-29,81359
8;manavld;20/12/2020 05:23:52;58,97651;3,982686;-31,14391
8;manavld;20/12/2020 05:23:53;61,09256;3,982686;-31,84934
8;manavld;20/12/2020 05:23:53;61,45626;3,982685;-31,96641
8;manavld;20/12/2020 05:23:53;61,45626;3,982685;-31,96641
